,corr_train,corr_test,r2_train,r2_test,num_obs,num_features,nrmse,baseline_nrmse,tumor,method,feature,measure
0,10495.0,10495.0,10495.0,10495.0,10495.0,10495.0,10495.0,10495.0,tumor2,forest,single,count
1,0.6971255578037403,0.3086800628180289,0.4572416613063747,0.006987418346770987,152.8406860409719,1.0,0.42151070232263615,0.4421516173613648,tumor2,forest,single,mean
2,0.12971741003660883,0.25335935462253245,0.1465219591730663,0.3666648081307991,42.334881576768026,0.0,0.13893170639729832,0.1359933541664478,tumor2,forest,single,std
3,-2.399789737813846e-16,-0.6886070510749898,-0.00015453957482369773,-13.06162820530277,40.0,1.0,0.1407527589624043,0.18450265404349897,tumor2,forest,single,min
4,0.65642802609777,0.13126315207132128,0.3656881514426846,-0.1179936243337576,132.0,1.0,0.3285909456838566,0.3478196878119904,tumor2,forest,single,25%
5,0.7064358148383684,0.3200213512348599,0.4532927179295877,0.023854147430449002,180.0,1.0,0.38979168978307166,0.41089763443269206,tumor2,forest,single,50%
6,0.7651983383746688,0.49988430491918434,0.5517448010836723,0.1890019137354772,180.0,1.0,0.47709863350036275,0.5052450438076082,tumor2,forest,single,75%
7,0.9899424708143068,0.9758558529267973,0.9267124210547079,0.885194707438589,180.0,1.0,2.5454877146243216,1.311672781939255,tumor2,forest,single,max
8,10500.0,10500.0,10500.0,10500.0,10500.0,10500.0,10500.0,10500.0,tumor2,forest,corum,count
9,0.7380018084814,0.33746934111575383,0.5078458308364764,0.03813624145007035,152.8227619047619,7.590190476190476,0.4155628858826587,0.4422077677602446,tumor2,forest,corum,mean
10,0.13553083939981247,0.2520509162008096,0.15560788141154572,0.3456509089655157,42.35031760077192,23.256999924578853,0.1391916194857679,0.13616114636782503,tumor2,forest,corum,std
11,-2.399789737813846e-16,-0.6314813591407062,-0.00015453957482369773,-13.06162820530277,40.0,1.0,0.1559290401704317,0.18450265404349897,tumor2,forest,corum,min
12,0.6825675217809355,0.1666035439808688,0.40807284340365146,-0.08961073215836818,132.0,1.0,0.3216633845423166,0.3478529829726431,tumor2,forest,corum,25%
13,0.7493043267924678,0.35641106930970645,0.5115212788079715,0.05719704087482219,180.0,1.0,0.3838111817421129,0.4108942917454167,tumor2,forest,corum,50%
14,0.8196409362988862,0.5280915323705423,0.6177583584895896,0.21801647732266993,180.0,2.0,0.47409678158316226,0.5052620506027441,tumor2,forest,corum,75%
15,0.9899424708143066,0.9758558529267973,0.9267124210547079,0.885194707438589,180.0,266.0,2.0400709257085348,1.311672781939255,tumor2,forest,corum,max
16,10532.0,10532.0,10532.0,10532.0,10532.0,10532.0,10532.0,10532.0,tumor2,forest,string,count
17,0.9152105639096755,0.44668037201046795,0.7411182535795214,0.17145729904102217,152.7038549183441,315.7489555639954,0.38557380294957333,0.4425259756103606,tumor2,forest,string,mean
18,0.056405707102021474,0.25133452455467103,0.09854812238783472,0.2721808644006804,42.42991319021579,267.19042039699696,0.12873891902077167,0.13628546664015878,tumor2,forest,string,std
19,-5.755325518530839e-17,-0.6168168450671196,-1.4985752624152582e-05,-5.267393715882487,40.0,1.0,0.15473558704152218,0.18450265404349897,tumor2,forest,string,min
20,0.9068630136545481,0.28687043305952953,0.6899029173929647,0.0288494988896571,132.0,137.0,0.2982138414573767,0.3481550364130831,tumor2,forest,string,25%
21,0.9272797392720142,0.48329549469744026,0.750880943008228,0.17760276578847506,180.0,245.0,0.35503815121126114,0.41120595388527825,tumor2,forest,string,50%
22,0.9425509528873348,0.6412396890113623,0.8071453439484342,0.33903256608469073,180.0,417.0,0.4358659239061823,0.5056217446862289,tumor2,forest,string,75%
23,0.9942439793052367,0.9754714628130152,0.9613379461671056,0.8963369707781549,180.0,3783.0,1.353461968093802,1.311672781939255,tumor2,forest,string,max
24,10519.0,10519.0,10519.0,10519.0,10519.0,10519.0,10519.0,10519.0,tumor2,forest,stringhi,count
25,0.8335263948812263,0.3971948459105672,0.6269836335408023,0.10761549285073682,152.78866812434643,40.966917007320085,0.39986026497200217,0.4423703051999518,tumor2,forest,stringhi,mean
26,0.10674170441918647,0.254548427256943,0.14517796838292593,0.35523174358989934,42.36608625111112,62.91328500886312,0.13846382597067503,0.13623470604220503,tumor2,forest,stringhi,std
27,-9.883281007417099e-17,-0.6517364080370629,-9.101759847629509e-05,-14.984413968843274,40.0,1.0,0.157771525073847,0.18450265404349897,tumor2,forest,stringhi,min
28,0.7832035974208624,0.23169785203901572,0.5387816149648974,-0.029324846772821322,132.0,2.0,0.307089474445915,0.34797726089005776,tumor2,forest,stringhi,25%
29,0.8617686232004906,0.42488782917104173,0.6474947923872499,0.12513635572552528,180.0,12.0,0.36705674147588596,0.41109151102048286,tumor2,forest,stringhi,50%
30,0.9045746249561947,0.5912122045530753,0.7318759841068665,0.2964068035314312,180.0,54.0,0.4542629497476881,0.50540918643264,tumor2,forest,stringhi,75%
31,0.9863523189119874,0.9450849807762912,0.9397319373146942,0.8851947074385891,180.0,822.0,2.714237383903939,1.311672781939255,tumor2,forest,stringhi,max
32,10495.0,10495.0,10495.0,10495.0,10495.0,10495.0,10495.0,10495.0,tumor2,elastic,single,count
33,0.3345447328640848,0.3099438999920202,0.07593605312706561,-0.2040581920229317,152.8406860409719,1.0,0.43311023930986114,0.4421516173613648,tumor2,elastic,single,mean
34,0.20982097448245784,0.2537986016980976,0.5361997240187465,15.63838367682501,42.334881576768026,0.0,0.3472499144927007,0.1359933541664478,tumor2,elastic,single,std
35,-0.24547125615778204,-0.7079793433585041,-45.053760707541436,-1587.063080072449,40.0,1.0,0.17450255266884204,0.18450265404349897,tumor2,elastic,single,min
36,0.17215974774995702,0.10024827281246046,-0.003984703683837076,-0.07897366414697449,132.0,1.0,0.3305391589628053,0.3478196878119904,tumor2,elastic,single,25%
37,0.3390151383026646,0.3281323494330365,0.069535044482813,0.009777141088455399,180.0,1.0,0.38906245063896716,0.41089763443269206,tumor2,elastic,single,50%
38,0.5022001846631876,0.5092909679727692,0.20033408212693476,0.14944111474733218,180.0,1.0,0.4810844588431449,0.5052450438076082,tumor2,elastic,single,75%
39,0.8971535293983766,0.9208748410576428,0.7484931103270676,0.8012876390493575,180.0,1.0,30.100944476925687,1.311672781939255,tumor2,elastic,single,max
40,10500.0,10500.0,10500.0,10500.0,10500.0,10500.0,10500.0,10500.0,tumor2,elastic,corum,count
41,0.37569631213020627,0.3216461853272957,0.10390759027718273,-0.204663454120263,152.8227619047619,7.590190476190476,0.4320202269693712,0.4422077677602446,tumor2,elastic,corum,mean
42,0.21121643780205948,0.2511166993964148,0.5360181081962375,15.66578531784108,42.35031760077192,23.256999924578853,0.348075376440428,0.13616114636782503,tumor2,elastic,corum,std
43,-0.24547125615778204,-0.7334739868501833,-45.053760707541436,-1587.063080072449,40.0,1.0,0.14035298040962327,0.18450265404349897,tumor2,elastic,corum,min
44,0.2240205326937779,0.1247899334710035,-7.357760675991143e-05,-0.07617566660254627,132.0,1.0,0.32785720007401087,0.3478529829726431,tumor2,elastic,corum,25%
45,0.3937223209791103,0.3455583952004706,0.10207884032985926,0.017457451980164518,180.0,1.0,0.38783123417516585,0.4108942917454167,tumor2,elastic,corum,50%
46,0.5414914609296416,0.5176850181646219,0.23754336149280905,0.1586596755394395,180.0,2.0,0.480955769947895,0.5052620506027441,tumor2,elastic,corum,75%
47,0.8971535293983766,0.9208748410576428,0.7572197437495813,0.8012876390493575,180.0,266.0,30.100944476925687,1.311672781939255,tumor2,elastic,corum,max
48,10532.0,10532.0,10532.0,10532.0,10532.0,10532.0,10532.0,10532.0,tumor2,elastic,string,count
49,0.6484624407655547,0.3682455095139154,0.35509252984808937,0.04483241648829465,152.7038549183441,298.84627800987465,0.41715169643780126,0.4425259756103606,tumor2,elastic,string,mean
50,0.21481813290631943,0.25102017571213975,0.2525393437020365,0.5237397428078033,42.42991319021579,212.0551297152751,0.15943235795432267,0.13628546664015878,tumor2,elastic,string,std
51,-0.009388553821746148,-0.7698916755148267,-1.6044627628631316,-41.60626846478362,40.0,1.0,0.1657730479711001,0.18450265404349897,tumor2,elastic,string,min
52,0.5644769280443194,0.19775779947391936,0.17899080795850836,-0.05682748162339979,132.0,137.0,0.31715888164230693,0.3481550364130831,tumor2,elastic,string,25%
53,0.7039325424375269,0.40335830196299227,0.37671864274770755,0.06636086993846818,180.0,245.0,0.3795104336879877,0.41120595388527825,tumor2,elastic,string,50%
54,0.7959597856897928,0.5618722420707569,0.5427830574591798,0.22441879913671542,180.0,416.25,0.47071190375337757,0.5056217446862289,tumor2,elastic,string,75%
55,0.999997952719006,0.9240669504609617,0.99998904368099,0.7664030217506713,180.0,909.0,4.784552085709895,1.311672781939255,tumor2,elastic,string,max
56,10519.0,10519.0,10519.0,10519.0,10519.0,10519.0,10519.0,10519.0,tumor2,elastic,stringhi,count
57,0.47415382059736905,0.34251323665720174,0.19436293200823596,-0.19072157418204652,152.78866812434643,40.966917007320085,0.42711940458298453,0.4423703051999518,tumor2,elastic,stringhi,mean
58,0.21995196628021896,0.24752442388747867,0.23403341968916178,17.214946887538662,42.36608625111112,62.91328500886312,0.3625669111450401,0.13623470604220503,tumor2,elastic,stringhi,std
59,-0.24547125615778204,-0.7502963943843257,-5.555329061679081,-1731.7593459372001,40.0,1.0,0.16818715063699888,0.18450265404349897,tumor2,elastic,stringhi,min
60,0.33302602409211357,0.16733752567540694,0.04475559110242722,-0.06789334486363297,132.0,2.0,0.32463132032715447,0.34797726089005776,tumor2,elastic,stringhi,25%
61,0.5071999608222307,0.37181230271484894,0.18175760082044967,0.037669283427286926,180.0,12.0,0.38414999450758325,0.41109151102048286,tumor2,elastic,stringhi,50%
62,0.6447092650464199,0.5315247680765687,0.3445372544943056,0.18394141284335402,180.0,54.0,0.47738841123918885,0.50540918643264,tumor2,elastic,stringhi,75%
63,0.965409119446058,0.9465674745104555,0.9040357138924607,0.8129602316012854,180.0,822.0,31.442377171505985,1.311672781939255,tumor2,elastic,stringhi,max
64,10761.0,10761.0,10761.0,10761.0,10761.0,10761.0,10761.0,10761.0,tumor2,linreg,single,count
65,0.33988918775120114,0.31244669043433165,0.15609919038926975,-0.10540783455892697,149.77130378217637,1.0,0.4197354755806062,0.4458299449235404,tumor2,linreg,single,mean
66,0.20144056519539383,0.26168429450917885,0.14700470786376152,14.110396519616906,46.04977323627405,0.0,0.3086205099943421,0.14007322039246342,tumor2,linreg,single,std
67,-2.399789737813846e-16,-0.9332975877309622,-4.440892098500626e-16,-1447.5808753153972,19.0,1.0,0.16831215221875379,0.18450265404349897,tumor2,linreg,single,min
68,0.1728706081623648,0.12831763323211512,0.029884247166425792,-0.035013594435936435,122.0,1.0,0.3239133627965827,0.34911524613518846,tumor2,linreg,single,25%
69,0.33684645636197597,0.3329346798478307,0.1134655351636209,0.04358659779948959,180.0,1.0,0.38375832222158796,0.4132276047608175,tumor2,linreg,single,50%
70,0.5013703787169703,0.5114419121986479,0.2513722566547978,0.18869002253045053,180.0,1.0,0.47235533888385156,0.5092757420120542,tumor2,linreg,single,75%
71,0.897153529398376,0.9724300842663257,0.8048844553119625,0.8386825404948797,180.0,1.0,27.898182476966376,1.6308265972265612,tumor2,linreg,single,max
72,10766.0,10766.0,10766.0,10766.0,10766.0,10766.0,10766.0,10766.0,tumor2,linreg,corum,count
73,0.39792380513308856,0.3175945981319527,0.20576629044071948,-4.155716911925169e+23,149.7552480029723,7.438231469440832,8720698752.414381,0.44588299968393674,tumor2,linreg,corum,mean
74,0.2178573342479934,0.2588071435380461,0.18732791071373495,1.47878327249467e+25,46.060841525255064,22.9909015383568,189986469658.76608,0.14022882938914408,tumor2,linreg,corum,std
75,-2.399789737813846e-16,-0.9332975877309622,-4.440892098500626e-16,-1.1078576523991545e+27,19.0,1.0,0.13268525742117107,0.18450265404349897,tumor2,linreg,corum,min
76,0.23148407009740019,0.13653864084488543,0.05358487482281982,-0.06234439675257153,122.0,1.0,0.3292721391598222,0.3491212786404564,tumor2,linreg,corum,25%
77,0.40246821971320657,0.33996815509290845,0.16198066844246578,0.03958936675617164,180.0,1.0,0.3925518903238201,0.41321033351875897,tumor2,linreg,corum,50%
78,0.5564779017754689,0.5141446698423867,0.30944933783779405,0.1902033210521341,180.0,2.0,0.48956804652473923,0.5092770700384742,tumor2,linreg,corum,75%
79,1.0,0.9724300842663257,1.0,0.8386825404948797,180.0,266.0,11229238609709.213,1.6308265972265612,tumor2,linreg,corum,max
80,10804.0,10804.0,10804.0,10804.0,10804.0,10804.0,10804.0,10804.0,tumor2,linreg,string,count
81,0.9263014539356652,0.0618558853275546,0.8753175363601324,-2.8228716088772863e+25,149.58182154757498,295.64818585708997,646896580677.7224,0.4463381674745019,tumor2,linreg,string,mean
82,0.1417116034229798,0.22787858502382144,0.34566690878120554,5.104152518671211e+26,46.18801018151383,211.30908097157106,1925557294085.8525,0.14060840245114573,tumor2,linreg,string,std
83,-5.755325518530839e-17,-0.8520493243042411,-28.583989475209627,-3.651247251304477e+28,19.0,1.0,0.23493603538167476,0.18450265404349897,tumor2,linreg,string,min
84,0.9229483779860426,-0.08705226119119913,0.8518332260040197,-2.027164203082346e+24,120.0,134.0,1.0848126410400216,0.3493025194441399,tumor2,linreg,string,25%
85,0.9853697828429725,0.049426092595468304,0.9709513849301268,-1.1807463870942214e+23,180.0,241.0,138902867062.55444,0.4136840373191235,tumor2,linreg,string,50%
86,0.9941452875238882,0.19780643807948395,0.988317655769166,-4.057566414029388,180.0,412.0,540731006089.2992,0.5099332576112303,tumor2,linreg,string,75%
87,1.0,0.9257848465009912,1.0,0.8443011433804064,180.0,909.0,53175405528958.7,1.6308265972265612,tumor2,linreg,string,max
88,10519.0,10519.0,10519.0,10519.0,10519.0,10519.0,10519.0,10519.0,tumor2,linreg,stringhi,count
89,0.5733204073353635,0.28639188175212205,0.3922011694955763,-3.310998822312751e+24,152.78866812434643,40.966917007320085,75910536402.02373,0.4423703051999518,tumor2,linreg,stringhi,mean
90,0.25240002035854964,0.2535031241220764,0.2872527813176183,7.552291478011406e+25,42.36608625111112,62.91328500886312,557215144783.6108,0.13623470604220503,tumor2,linreg,stringhi,std
91,-5.97126459453932e-17,-0.7828074482406411,-0.24305293301639397,-6.516916363982477e+27,40.0,1.0,0.17799478862039433,0.18450265404349897,tumor2,linreg,stringhi,min
92,0.3882766303795979,0.10905736382131281,0.15069167216353196,-0.49853114460666537,132.0,2.0,0.3541615723259686,0.34797726089005776,tumor2,linreg,stringhi,25%
93,0.5830812475009122,0.30057464202591183,0.3399805630812972,-0.0352008183595971,180.0,12.0,0.4381899144293223,0.41109151102048286,tumor2,linreg,stringhi,50%
94,0.762535501777329,0.4753567379020579,0.5810472818794818,0.13605380055105248,180.0,54.0,0.6018841203430145,0.50540918643264,tumor2,linreg,stringhi,75%
95,1.0,0.9511277956216451,1.0,0.8565752589463168,180.0,822.0,18388276865942.344,1.311672781939255,tumor2,linreg,stringhi,max
96,11624.0,11624.0,11624.0,11624.0,11624.0,11624.0,11624.0,11624.0,tumor3,forest,single,count
97,0.6522385884619452,0.3334912738420071,0.4022013496967049,0.07585028984113412,237.56185478320717,1.0,0.378767733137561,0.408012681300113,tumor3,forest,single,mean
98,0.12288649495863056,0.24392205111888302,0.14688613841220027,0.3356864358830522,81.79810308064032,0.0,0.12614933414495563,0.12610116223677156,tumor3,forest,single,std
99,-1.1095901708251787e-16,-0.8030156224574447,-0.00041014852200449425,-18.006684570600928,40.0,1.0,0.14763785890762787,0.16635264364760594,tumor3,forest,single,min
100,0.5963379664796971,0.16172185719599855,0.30152858285939854,-0.0406017816367269,190.0,1.0,0.30002148208511964,0.32347174960616615,tumor3,forest,single,25%
101,0.6570914009802851,0.3398609079652366,0.39335445595706825,0.0739478917344979,295.0,1.0,0.34874946356981845,0.3792223974583299,tumor3,forest,single,50%
102,0.725803606075513,0.5171715480283702,0.4972290533433208,0.2333699301133823,295.0,1.0,0.4197189162506039,0.459111705424533,tumor3,forest,single,75%
103,0.9840413245886453,0.9760343000588938,0.924291719070647,0.8197051787864259,295.0,1.0,2.070390205003368,1.5570022579307417,tumor3,forest,single,max
104,11624.0,11624.0,11624.0,11624.0,11624.0,11624.0,11624.0,11624.0,tumor3,forest,corum,count
105,0.690716740614135,0.35679779239160997,0.44524009908005624,0.09653675799840322,237.56185478320717,7.335426703372333,0.3750508484636908,0.408012681300113,tumor3,forest,corum,mean
106,0.12887723887714028,0.2420638618745339,0.15009510837648526,0.2869547984883627,81.79810308064032,23.280851270980964,0.12578959503226014,0.12610116223677156,tumor3,forest,corum,std
107,-2.399789737813846e-16,-0.8030156224574445,-0.00041014852200449425,-4.854257467280485,40.0,1.0,0.14763785890762787,0.16635264364760594,tumor3,forest,corum,min
108,0.6272151025847117,0.18998449383491497,0.3457228247858366,-0.02538999108668677,190.0,1.0,0.2948437654021066,0.32347174960616615,tumor3,forest,corum,25%
109,0.7023503897662455,0.37056967066969015,0.4458485691648984,0.10110742167092063,295.0,1.0,0.3453333405944953,0.3792223974583299,tumor3,forest,corum,50%
110,0.7753492900574465,0.5390581434971251,0.5470589725985255,0.2538252245479301,295.0,2.0,0.417717616825907,0.459111705424533,tumor3,forest,corum,75%
111,0.9840413245886453,0.9760343000588938,0.924291719070647,0.8197051787864258,295.0,274.0,2.03644453553286,1.5570022579307417,tumor3,forest,corum,max
112,11624.0,11624.0,11624.0,11624.0,11624.0,11624.0,11624.0,11624.0,tumor3,forest,string,count
113,0.8743863702098886,0.4534360199766211,0.6653533812724873,0.18957040034564135,237.56185478320717,308.6179456297316,0.3541166386958026,0.408012681300113,tumor3,forest,string,mean
114,0.05938860496789697,0.2377684259322488,0.10743566254868886,0.2602007190804497,81.79810308064032,221.89485661831532,0.11638933365218637,0.12610116223677156,tumor3,forest,string,std
115,-3.50602244648137e-17,-0.760862507075261,-3.7055138799813037e-05,-5.883328065459978,40.0,1.0,0.14860490503136978,0.16635264364760594,tumor3,forest,string,min
116,0.8533844653443884,0.30777660855910616,0.5963147604583073,0.05889839920185433,190.0,140.0,0.27960163440991326,0.32347174960616615,tumor3,forest,string,25%
117,0.8815973108072381,0.4869082310372736,0.6680671357320058,0.19031759334486076,295.0,252.0,0.3261667689159866,0.3792223974583299,tumor3,forest,string,50%
118,0.9050918645783479,0.6323140938122697,0.7416691745595847,0.3456499871245369,295.0,428.0,0.3932994737354073,0.459111705424533,tumor3,forest,string,75%
119,0.9941719535279722,0.9724379887791799,0.9437229779284043,0.8778874780813545,295.0,949.0,1.321454115173634,1.5570022579307417,tumor3,forest,string,max
120,11624.0,11624.0,11624.0,11624.0,11624.0,11624.0,11624.0,11624.0,tumor3,forest,stringhi,count
121,0.7841350969399391,0.40544294771413575,0.5521287861171014,0.13898167860347616,237.56185478320717,40.723158981417754,0.3648694855409489,0.408012681300113,tumor3,forest,stringhi,mean
122,0.10992704950637638,0.24220723563349747,0.14456604317247496,0.38481084824765804,81.79810308064032,64.43977272756526,0.1253113826329595,0.12610116223677156,tumor3,forest,stringhi,std
123,-1.1095901708251787e-16,-0.8030156224574447,-0.00041014852200449425,-20.931058213934676,40.0,1.0,0.1556523960560755,0.16635264364760594,tumor3,forest,stringhi,min
124,0.7331696649379922,0.2470096045529099,0.4612128978789855,0.013581520401375669,190.0,2.0,0.2871646348424407,0.32347174960616615,tumor3,forest,stringhi,25%
125,0.8075686643177291,0.43212041569604076,0.5624601383677303,0.1504413663932107,295.0,11.0,0.336272712946059,0.3792223974583299,tumor3,forest,stringhi,50%
126,0.8570813688482639,0.5865044907695571,0.6529565021995669,0.30406998544002184,295.0,52.0,0.4053125375197937,0.459111705424533,tumor3,forest,stringhi,75%
127,0.9875187435519974,0.9374276399260234,0.9394241780928961,0.8545901733327501,295.0,861.0,2.725825287551626,1.5570022579307417,tumor3,forest,stringhi,max
128,11624.0,11624.0,11624.0,11624.0,11624.0,11624.0,11624.0,11624.0,tumor3,elastic,single,count
129,0.33378096632407583,0.34095067426062137,0.10702784060191682,0.07045142407424901,237.56185478320717,1.0,0.38201821215882886,0.408012681300113,tumor3,elastic,single,mean
130,0.19572226697502754,0.24273537778450305,0.25398813135111453,0.5949339450179748,81.79810308064032,0.0,0.1495819185633328,0.12610116223677156,tumor3,elastic,single,std
131,-0.24547125615778193,-0.6759933778126288,-6.405885546997941,-24.165224613600163,40.0,1.0,0.14793940090974947,0.16635264364760594,tumor3,elastic,single,min
132,0.18417705749099764,0.16343188068860443,0.00792248559642092,-0.013440859349210299,190.0,1.0,0.2979870079553,0.32347174960616615,tumor3,elastic,single,25%
133,0.33963997097222187,0.3588939589851134,0.09013762248596158,0.07069321913168009,295.0,1.0,0.347341806568146,0.3792223974583299,tumor3,elastic,single,50%
134,0.4874065791438538,0.5309744877204556,0.20940318844990086,0.21768305458320253,295.0,1.0,0.4195696594836001,0.459111705424533,tumor3,elastic,single,75%
135,0.893024065567866,0.9208748410576428,0.7484931103270676,0.7473728709441516,295.0,1.0,2.982643186521391,1.5570022579307417,tumor3,elastic,single,max
136,11624.0,11624.0,11624.0,11624.0,11624.0,11624.0,11624.0,11624.0,tumor3,elastic,corum,count
137,0.3672776529320076,0.35669459274269005,0.1266869877596069,0.07876137293335665,237.56185478320717,7.335426703372333,0.38054363502840255,0.408012681300113,tumor3,elastic,corum,mean
138,0.1928434407515776,0.23879890276867488,0.2569581828022488,0.5957563256440872,81.79810308064032,23.280851270980964,0.1503042573088698,0.12610116223677156,tumor3,elastic,corum,std
139,-0.24547125615778193,-0.7334739868501833,-6.405885546997941,-24.165224613600163,40.0,1.0,0.14793940090974947,0.16635264364760594,tumor3,elastic,corum,min
140,0.2310110067274125,0.1889016727212768,0.02360451772229913,-0.008825945790749523,190.0,1.0,0.29598378392229974,0.32347174960616615,tumor3,elastic,corum,25%
141,0.38350008741206076,0.37828429305615097,0.11599760386504937,0.08498090596798558,295.0,1.0,0.3460740350782118,0.3792223974583299,tumor3,elastic,corum,50%
142,0.516515374514867,0.539996610082567,0.23571150517140646,0.2302064405313043,295.0,2.0,0.4193201230184672,0.459111705424533,tumor3,elastic,corum,75%
143,0.893024065567866,0.9208748410576428,0.7484931103270676,0.7473728709441516,295.0,274.0,2.982643186521391,1.5570022579307417,tumor3,elastic,corum,max
144,11624.0,11624.0,11624.0,11624.0,11624.0,11624.0,11624.0,11624.0,tumor3,elastic,string,count
145,0.61091101843249,0.4201178672942454,0.3301054247540713,0.1366802766076627,237.56185478320717,308.6179456297316,0.3695405730806496,0.408012681300113,tumor3,elastic,string,mean
146,0.18930643627647306,0.23753190938997015,0.21496265818203925,0.29298198454329893,81.79810308064032,221.89485661831532,0.13902955976551118,0.12610116223677156,tumor3,elastic,string,std
147,-0.05639082836171998,-0.7698916755148267,-1.6788316869057343,-8.114254906058271,40.0,1.0,0.15203694594016695,0.16635264364760594,tumor3,elastic,string,min
148,0.5276743018682121,0.2707969414527684,0.18309037321587038,0.011278731609773135,190.0,140.0,0.28521338484341924,0.32347174960616615,tumor3,elastic,string,25%
149,0.6477654694320101,0.4557323474907486,0.3379546262920197,0.1437257608728622,295.0,252.0,0.33484737598133163,0.3792223974583299,tumor3,elastic,string,50%
150,0.7412492692916964,0.6010663037221635,0.48463830496145827,0.29543093637369494,295.0,428.0,0.41014299050925035,0.459111705424533,tumor3,elastic,string,75%
151,0.9999981111897461,0.9484054426617694,0.9999900831713694,0.825470204061893,295.0,949.0,2.718735523078604,1.5570022579307417,tumor3,elastic,string,max
152,11624.0,11624.0,11624.0,11624.0,11624.0,11624.0,11624.0,11624.0,tumor3,elastic,stringhi,count
153,0.4525698112745399,0.385876533840232,0.19512569708721506,0.11342866616619768,237.56185478320717,40.723158981417754,0.37505908375986186,0.408012681300113,tumor3,elastic,stringhi,mean
154,0.19572332708263093,0.23627220098687488,0.19004297818350485,0.27537361931188475,81.79810308064032,64.43977272756526,0.1394915606645407,0.12610116223677156,tumor3,elastic,stringhi,std
155,-0.24547125615778193,-0.8389287406603382,-3.2091136456235567,-10.75119777012833,40.0,1.0,0.15075741571562493,0.16635264364760594,tumor3,elastic,stringhi,min
156,0.3271801945912607,0.23103754070909124,0.06629535333753442,-0.0012367920400795374,190.0,2.0,0.2919346162986089,0.32347174960616615,tumor3,elastic,stringhi,25%
157,0.47729027714072725,0.41272643038520196,0.18488776276612562,0.1095541497697855,295.0,11.0,0.341931448203453,0.3792223974583299,tumor3,elastic,stringhi,50%
158,0.6007314983385728,0.5679439155585607,0.31911580264424483,0.2554303049933949,295.0,52.0,0.41515752268326395,0.459111705424533,tumor3,elastic,stringhi,75%
159,0.9496551526478083,0.9196876312204745,0.8769484819215014,0.7564229928726055,295.0,861.0,2.634623426630553,1.5570022579307417,tumor3,elastic,stringhi,max
160,11624.0,11624.0,11624.0,11624.0,11624.0,11624.0,11624.0,11624.0,tumor3,linreg,single,count
161,0.33885124035269937,0.3459163985372956,0.15023810118937286,0.11849167897593799,237.56185478320717,1.0,0.3723482012568298,0.408012681300113,tumor3,linreg,single,mean
162,0.1882046368435621,0.2426834604160544,0.13422898879617937,0.19778143757258326,81.79810308064032,0.0,0.11757152152732007,0.12610116223677156,tumor3,linreg,single,std
163,-2.399789737813846e-16,-0.8389287406603381,-4.440892098500626e-16,-3.723888349320921,40.0,1.0,0.1516989380119751,0.16635264364760594,tumor3,linreg,single,min
164,0.18648557684815287,0.18250952639463766,0.03477687433805915,-0.0005584912824724286,190.0,1.0,0.29505466463009195,0.32347174960616615,tumor3,linreg,single,25%
165,0.3397267581042944,0.36194442362733137,0.11541427042847802,0.09003672396526718,295.0,1.0,0.34447647340770726,0.3792223974583299,tumor3,linreg,single,50%
166,0.48740657914385355,0.5319755653541752,0.2375651768079684,0.239793517146077,295.0,1.0,0.41337667350267987,0.459111705424533,tumor3,linreg,single,75%
167,0.8930240655678662,0.920874841057643,0.7974919816833606,0.7923735162997094,295.0,1.0,1.487180264765285,1.5570022579307417,tumor3,linreg,single,max
168,11624.0,11624.0,11624.0,11624.0,11624.0,11624.0,11624.0,11624.0,tumor3,linreg,corum,count
169,0.3862711190092333,0.3548302048695011,0.18698901019665382,-9.889386525076796e+21,237.56185478320717,7.335426703372333,696069909.1361489,0.408012681300113,tumor3,linreg,corum,mean
170,0.19438848773364,0.23876605142433685,0.156100093640398,4.7315629643189594e+23,81.79810308064032,23.280851270980964,24441478837.468033,0.12610116223677156,tumor3,linreg,corum,std
171,-2.399789737813846e-16,-0.8389287406603381,-4.440892098500626e-16,-3.867445129623794e+25,40.0,1.0,0.1516989380119751,0.16635264364760594,tumor3,linreg,corum,min
172,0.24125509226817746,0.1934470730241446,0.05820401956837143,-0.006262180800677919,190.0,1.0,0.29734421157265156,0.32347174960616615,tumor3,linreg,corum,25%
173,0.3944165189974331,0.3722951710993086,0.1555643920602135,0.09458350755194983,295.0,1.0,0.3477468666535895,0.3792223974583299,tumor3,linreg,corum,50%
174,0.5323065469800436,0.5362714038771375,0.28335025995984825,0.2462819031411073,295.0,2.0,0.41928137259547404,0.459111705424533,tumor3,linreg,corum,75%
175,1.0,0.920874841057643,1.0,0.7923735162997094,295.0,274.0,1401356323984.8362,1.5570022579307417,tumor3,linreg,corum,max
176,11624.0,11624.0,11624.0,11624.0,11624.0,11624.0,11624.0,11624.0,tumor3,linreg,string,count
177,0.8895721642656799,0.09190980168322874,0.8130333935303169,-3.1289837467880646e+25,237.56185478320717,308.6179456297316,528113283202.84393,0.408012681300113,tumor3,linreg,string,mean
178,0.14785276400527309,0.21604486232493325,0.20781935566801982,1.0973056892849895e+27,81.79810308064032,221.89485661831532,1854616455390.3396,0.12610116223677156,tumor3,linreg,string,std
179,-4.6091116986450245e-18,-0.853487871097673,-0.8668036837435233,-1.1297992988677266e+29,40.0,1.0,0.19915828482793177,0.16635264364760594,tumor3,linreg,string,min
180,0.8570100829161359,-0.05404202801453664,0.7344662825854851,-7.295279900286949e+23,190.0,140.0,0.6662558546825351,0.32347174960616615,tumor3,linreg,string,25%
181,0.9498909263178044,0.07185065906384001,0.9022927550561992,-1.0733780235226549e+22,295.0,252.0,37901073792.84972,0.3792223974583299,tumor3,linreg,string,50%
182,0.9771842442256967,0.2184389499393962,0.9548890469342244,-1.5075917862196344,295.0,428.0,315601540236.52594,0.459111705424533,tumor3,linreg,string,75%
183,1.0,0.901398567194012,1.0,0.8023799549896279,295.0,949.0,95172575423892.77,1.5570022579307417,tumor3,linreg,string,max
184,11624.0,11624.0,11624.0,11624.0,11624.0,11624.0,11624.0,11624.0,tumor3,linreg,stringhi,count
185,0.5315562379436137,0.33806354028103625,0.33452192978088396,-2.3724266719768409e+24,237.56185478320717,40.723158981417754,35787973275.7781,0.408012681300113,tumor3,linreg,stringhi,mean
186,0.2280068629805138,0.23968357465710366,0.2445665772669636,7.0376627793023045e+25,81.79810308064032,64.43977272756526,565106529184.5054,0.12610116223677156,tumor3,linreg,stringhi,std
187,-5.676381916208035e-17,-0.7919812891941193,-2.220446049250313e-16,-4.2652918425489837e+27,40.0,1.0,0.16886825387821963,0.16635264364760594,tumor3,linreg,stringhi,min
188,0.3696811670394745,0.17482173549693275,0.1366641654270501,-0.14624519113049173,190.0,2.0,0.3095897766594825,0.32347174960616615,tumor3,linreg,stringhi,25%
189,0.5416711542222453,0.35392997855427255,0.2934076402255095,0.05107009880072183,295.0,11.0,0.36971088184480827,0.3792223974583299,tumor3,linreg,stringhi,50%
190,0.694916487962413,0.5216232348556511,0.482881548933657,0.22060240171101492,295.0,52.0,0.4770640225954874,0.459111705424533,tumor3,linreg,stringhi,75%
191,1.0,0.915320454606137,1.0,0.8281345801355207,295.0,861.0,26725839995429.11,1.5570022579307417,tumor3,linreg,stringhi,max
192,11622.0,11622.0,11622.0,11622.0,11622.0,11622.0,11622.0,11622.0,tumor5,forest,single,count
193,0.6494002048724901,0.45284408539236876,0.40479537270634536,0.19107664795685775,400.3948545861298,1.0,0.3391526416152269,0.3902024426278744,tumor5,forest,single,mean
194,0.1262912710388754,0.20401350185607292,0.14756443436457264,0.284391759021007,165.1402141742545,0.0,0.1064236630613209,0.125506027990948,tumor5,forest,single,std
195,-2.399789737813846e-16,-0.7852177301238479,-0.00017049020575865548,-16.957373795103873,40.0,1.0,0.14496697680648926,0.16834851182769692,tumor5,forest,single,min
196,0.5932191570134334,0.3342665043612664,0.3080925879182165,0.07865076341734531,284.0,1.0,0.2689013566271062,0.30596574689521877,tumor5,forest,single,25%
197,0.6557755725666454,0.47300612174816514,0.3964022980469538,0.1949872085437136,464.0,1.0,0.3170914487030372,0.3621721457843212,tumor5,forest,single,50%
198,0.7256009385989539,0.6001695699171123,0.498980536236567,0.33251286561080795,550.0,1.0,0.3823591157327608,0.44381258418069025,tumor5,forest,single,75%
199,0.9894184126483434,0.9679565944637339,0.9602934495824995,0.9052378968074954,550.0,1.0,2.0356603104643556,1.511486374749279,tumor5,forest,single,max
200,11646.0,11646.0,11646.0,11646.0,11646.0,11646.0,11646.0,11646.0,tumor5,forest,corum,count
201,0.6855659911612503,0.487514431379741,0.44714644326630754,0.22368296296614754,399.88382277176714,7.269105272196462,0.33296669343809454,0.3900873883800883,tumor5,forest,corum,mean
202,0.130189983717435,0.20515892134247515,0.15190352653875291,0.23787480382561685,165.36874180244902,22.963507600736058,0.10728402217585307,0.12552102904927148,tumor5,forest,corum,std
203,-6.967887186455553e-17,-0.7852177301238479,-0.00015947953722128538,-4.392735246857461,40.0,1.0,0.13416638216123422,0.16834851182769692,tumor5,forest,corum,min
204,0.6234729369985968,0.3751770279597182,0.34878614073978265,0.10771356700373183,283.0,1.0,0.26123851318904423,0.3058064764151841,tumor5,forest,corum,25%
205,0.6979544916110179,0.5178312892811532,0.4464352626009473,0.2356421958621303,464.0,1.0,0.31258151276436663,0.3621165612529662,tumor5,forest,corum,50%
206,0.7697832495994406,0.6331166881460052,0.5499880611696186,0.3669785420343312,550.0,2.0,0.37888235355173433,0.4437458976917589,tumor5,forest,corum,75%
207,0.9894184126483434,0.9679565944637339,0.9602934495824995,0.9052378968074956,550.0,270.0,1.4625270081483417,1.511486374749279,tumor5,forest,corum,max
208,11794.0,11794.0,11794.0,11794.0,11794.0,11794.0,11794.0,11794.0,tumor5,forest,string,count
209,0.8660690916363031,0.6690211321219329,0.6809774912450107,0.407248094031508,396.6192131592335,306.0370527386807,0.28665282414829185,0.3901849504399117,tumor5,forest,string,mean
210,0.06375614055013631,0.1956741901821063,0.11416368851870476,0.2351514143400682,167.18222326549576,220.2318541929957,0.09108206618337139,0.12551715129687663,tumor5,forest,string,std
211,-2.8489038854342283e-18,-0.7307879813234345,-3.250605464466538e-05,-4.784275099180134,40.0,1.0,0.12379825980396235,0.16834851182769692,tumor5,forest,string,min
212,0.8408109674196095,0.6108813357443978,0.6130269611169077,0.3037200659013992,272.0,139.0,0.22460901013002119,0.30579398278346226,tumor5,forest,string,25%
213,0.8738953733574593,0.7216469816431093,0.6860294798708582,0.43950981210416273,456.0,249.0,0.268209966400333,0.3621873993959842,tumor5,forest,string,50%
214,0.9037691109073482,0.7937345117948647,0.75980169015898,0.5590625029587182,550.0,424.0,0.32913820223873513,0.4443160350835268,tumor5,forest,string,75%
215,0.9930023352774765,0.9898858597801011,0.9833551808357803,0.9487470287258061,550.0,935.0,1.3247002627278144,1.511486374749279,tumor5,forest,string,max
216,11732.0,11732.0,11732.0,11732.0,11732.0,11732.0,11732.0,11732.0,tumor5,forest,stringhi,count
217,0.777885713256243,0.5715103964672676,0.5589430347532518,0.30760580127198883,398.085663143539,40.37163314012956,0.3125161814159628,0.38994655329998246,tumor5,forest,stringhi,mean
218,0.10843532529693192,0.20625018817012036,0.1469315457916953,0.23649346377493477,166.32744491956328,64.01452029222656,0.10135830694445613,0.12545737057573592,tumor5,forest,stringhi,std
219,-5.566107535260668e-17,-0.5868992689010039,-9.08081154171736e-05,-2.561782136254046,40.0,1.0,0.13371804182274602,0.16834851182769692,tumor5,forest,stringhi,min
220,0.725463827938057,0.4742506009401488,0.4658621448161373,0.18736093219443778,277.0,2.0,0.2434866145448665,0.3056669365029578,tumor5,forest,stringhi,25%
221,0.7982852546554092,0.6156441568652211,0.5691473819568519,0.3323154677940402,457.0,11.0,0.29327489906791526,0.36206619655400785,tumor5,forest,stringhi,50%
222,0.8496367793804267,0.7143493558374967,0.6615347749315784,0.46037234088842,550.0,51.0,0.3581500742607769,0.4434780197694634,tumor5,forest,stringhi,75%
223,0.9873578555552229,0.9785342184478755,0.9615259858664573,0.9178281850580707,550.0,858.0,1.2797333861448763,1.511486374749279,tumor5,forest,stringhi,max
224,11622.0,11622.0,11622.0,11622.0,11622.0,11622.0,11622.0,11622.0,tumor5,elastic,single,count
225,0.32944553660800613,0.3291687219909502,0.10166588415008927,0.07161756509485834,400.3948545861298,1.0,0.36733936481316304,0.3902024426278744,tumor5,elastic,single,mean
226,0.19379450185682143,0.22584962438418255,0.24998606618530167,0.5769304507263068,165.1402141742545,0.0,0.1428807664164386,0.125506027990948,tumor5,elastic,single,std
227,-0.1990290811034233,-0.836513574248116,-6.405885546997941,-24.165224613600163,40.0,1.0,0.14842474461274296,0.16834851182769692,tumor5,elastic,single,min
228,0.17766482253486165,0.16179010414982653,0.005067828726519452,-0.009893018023133804,284.0,1.0,0.28505307129604296,0.30596574689521877,tumor5,elastic,single,25%
229,0.3317992182380714,0.344878773171314,0.08024811473607452,0.0686777987277305,464.0,1.0,0.3337043780963034,0.3621721457843212,tumor5,elastic,single,50%
230,0.4824592929977393,0.5063496747301581,0.20103302813304288,0.20244868056605198,550.0,1.0,0.4089047575876433,0.44381258418069025,tumor5,elastic,single,75%
231,0.8968444423033636,0.9122001068460458,0.7596880360092425,0.7970206741108136,550.0,1.0,2.3906042405090218,1.511486374749279,tumor5,elastic,single,max
232,11646.0,11646.0,11646.0,11646.0,11646.0,11646.0,11646.0,11646.0,tumor5,elastic,corum,count
233,0.3689292044234406,0.3541118797629602,0.12779144071294207,0.08544565648446531,399.88382277176714,7.269105272196462,0.3649164484587929,0.3900873883800883,tumor5,elastic,corum,mean
234,0.19399757128835132,0.21884422769934223,0.2559968790822994,0.5774579996534164,165.36874180244902,22.963507600736058,0.14391992802142425,0.12552102904927148,tumor5,elastic,corum,std
235,-0.1990290811034233,-0.836513574248116,-6.405885546997941,-24.165224613600163,40.0,1.0,0.13745960637468824,0.16834851182769692,tumor5,elastic,corum,min
236,0.22871646984569535,0.20331769536161703,0.02035076652652748,-0.0030134491417804776,283.0,1.0,0.28090076696687744,0.3058064764151841,tumor5,elastic,corum,25%
237,0.37887660547460394,0.37552675014260284,0.11392421719043633,0.08982511407716054,464.0,1.0,0.33196099848891036,0.3621165612529662,tumor5,elastic,corum,50%
238,0.5194915246464861,0.5220233957382023,0.2377853534060549,0.22074632886196494,550.0,2.0,0.4085083588241427,0.4437458976917589,tumor5,elastic,corum,75%
239,0.8968444423033636,0.9122001068460458,0.7596880360092425,0.7970206741108136,550.0,270.0,2.3906042405090218,1.511486374749279,tumor5,elastic,corum,max
240,11794.0,11794.0,11794.0,11794.0,11794.0,11794.0,11794.0,11794.0,tumor5,elastic,string,count
241,0.7375898717184702,0.5520086863745378,0.5267538785776419,0.28283141799141653,396.6192131592335,306.0370527386807,0.319423844004443,0.3901849504399117,tumor5,elastic,string,mean
242,0.18504637340147012,0.21707338675950275,0.242432705266619,0.2788245534334053,167.18222326549576,220.2318541929957,0.11924937732744342,0.12551715129687663,tumor5,elastic,string,std
243,-0.0012244519198589907,-0.712191462160468,-1.386957677919236,-3.730744823172837,40.0,1.0,0.046660295861741766,0.16834851182769692,tumor5,elastic,string,min
244,0.6713358189060896,0.4564839090585991,0.384702159637086,0.14631242141765613,272.0,139.0,0.23880391522591315,0.30579398278346226,tumor5,elastic,string,25%
245,0.781002943063232,0.599583186262445,0.5620516669301829,0.317155650283475,456.0,249.0,0.2936963365651936,0.3621873993959842,tumor5,elastic,string,50%
246,0.859734767276273,0.7010325002395356,0.702756552425743,0.45778279532903454,550.0,424.0,0.3675022754763051,0.4443160350835268,tumor5,elastic,string,75%
247,0.9999979426003681,0.9985767297421559,0.9999917689089922,0.995920418881775,550.0,935.0,1.7028397901014833,1.511486374749279,tumor5,elastic,string,max
248,11732.0,11732.0,11732.0,11732.0,11732.0,11732.0,11732.0,11732.0,tumor5,elastic,stringhi,count
249,0.4809894547677475,0.41163880192823743,0.23115229172025398,0.14656928042412737,398.085663143539,40.37163314012956,0.353793088108923,0.38994655329998246,tumor5,elastic,stringhi,mean
250,0.20589446492412328,0.2177327007665078,0.20700176466037473,0.22573398434010425,166.32744491956328,64.01452029222656,0.13159987494299333,0.12545737057573592,tumor5,elastic,stringhi,std
251,-0.16674393315330346,-0.836513574248116,-3.3651497771341994,-3.934815409602747,40.0,1.0,0.1320998334771963,0.16834851182769692,tumor5,elastic,stringhi,min
252,0.3426850552650411,0.2791135555260281,0.0799656457651933,0.023802997617376143,277.0,2.0,0.269959925802017,0.3056669365029578,tumor5,elastic,stringhi,25%
253,0.5065235325412281,0.44451628824658984,0.2154034335802682,0.1464866473403743,457.0,11.0,0.32430371582202383,0.36206619655400785,tumor5,elastic,stringhi,50%
254,0.6401553464222614,0.5739588839333268,0.3723253249649009,0.28365816760127854,550.0,51.0,0.3994045283586917,0.4434780197694634,tumor5,elastic,stringhi,75%
255,0.9993350676896215,0.9381461976452891,0.9974468098686916,0.861140930756144,550.0,858.0,2.2762332805467054,1.511486374749279,tumor5,elastic,stringhi,max
256,11622.0,11622.0,11622.0,11622.0,11622.0,11622.0,11622.0,11622.0,tumor5,linreg,single,count
257,0.33323063015358106,0.33255315120049095,0.14647500863855714,0.11826987326320124,400.3948545861298,1.0,0.3582138117581438,0.3902024426278744,tumor5,linreg,single,mean
258,0.18824294079646786,0.2256148331411266,0.13361873282426218,0.1708080591173591,165.1402141742545,0.0,0.11507774604013077,0.125506027990948,tumor5,linreg,single,std
259,-2.399789737813846e-16,-0.836513574248116,-2.220446049250313e-16,-1.5932978485905545,40.0,1.0,0.15197511134655098,0.16834851182769692,tumor5,linreg,single,min
260,0.1795237972830268,0.17319907855034344,0.03222879456619565,0.003034262591108644,284.0,1.0,0.2828423208981259,0.30596574689521877,tumor5,linreg,single,25%
261,0.33203142648355516,0.3464512882242382,0.11024487030512087,0.08632296523068167,464.0,1.0,0.33114034101892836,0.3621721457843212,tumor5,linreg,single,50%
262,0.48245929299773943,0.5068702890108134,0.23276696994348894,0.22410435742095988,550.0,1.0,0.4039823960996125,0.44381258418069025,tumor5,linreg,single,75%
263,0.896844442303364,0.912200106846046,0.804329953690431,0.8137083754744099,550.0,1.0,1.3655357727238975,1.511486374749279,tumor5,linreg,single,max
264,11646.0,11646.0,11646.0,11646.0,11646.0,11646.0,11646.0,11646.0,tumor5,linreg,corum,count
265,0.37843731113377443,0.3557917916949488,0.1805375756287839,-7.0348387489604625e+22,399.88382277176714,7.269105272196462,687672954.2477698,0.3900873883800883,tumor5,linreg,corum,mean
266,0.19319933842081435,0.21857784088692397,0.15104902672713946,7.575912895268001e+24,165.36874180244902,22.963507600736058,69608405043.08472,0.12552102904927148,tumor5,linreg,corum,std
267,-2.399789737813846e-16,-0.836513574248116,-2.220446049250313e-16,-8.175661945863271e+26,40.0,1.0,0.1493005420087128,0.16834851182769692,tumor5,linreg,corum,min
268,0.23295602449332398,0.20912736105128693,0.054268509682119215,0.007983122970687373,283.0,1.0,0.28096990126162236,0.3058064764151841,tumor5,linreg,corum,25%
269,0.38266788848907674,0.3760903202869973,0.1464347129223143,0.10421742080660545,464.0,1.0,0.330660303668852,0.3621165612529662,tumor5,linreg,corum,50%
270,0.5257747412770737,0.5216321550444216,0.2764390786135662,0.23905935253905922,550.0,2.0,0.40435957485431184,0.4437458976917589,tumor5,linreg,corum,75%
271,0.9949367501866129,0.912200106846046,0.9898991368718991,0.8137083754744099,550.0,270.0,7505223828407.782,1.511486374749279,tumor5,linreg,corum,max
272,11794.0,11794.0,11794.0,11794.0,11794.0,11794.0,11794.0,11794.0,tumor5,linreg,string,count
273,0.8748421709933288,0.23027829690694882,0.7866261261503178,-3.6595247014163773e+25,396.6192131592335,306.0370527386807,562746718069.9552,0.3901849504399117,tumor5,linreg,string,mean
274,0.14872373440278144,0.2877194819667956,0.22378805239219174,7.394850104768296e+26,167.18222326549576,220.2318541929957,2113979931484.4714,0.12551715129687663,tumor5,linreg,string,std
275,0.0,-0.8413428392586134,-7.673946077759881,-5.319786995867145e+28,40.0,1.0,1.66917249818794e-15,0.16834851182769692,tumor5,linreg,string,min
276,0.8289286036762099,-0.004711038922273086,0.6870938724718187,-5.974443367309444e+23,272.0,139.0,0.40208654567755975,0.30579398278346226,tumor5,linreg,string,25%
277,0.9275548291082562,0.18724875260305773,0.8603486843791599,-7.507671840892095,456.0,249.0,1.1197171021400245,0.3621873993959842,tumor5,linreg,string,50%
278,0.9725280698756242,0.46562420393034176,0.9458108453943456,-0.09959273425088266,550.0,424.0,285182200365.97125,0.4443160350835268,tumor5,linreg,string,75%
279,1.0,1.0,1.0,1.0,550.0,935.0,65306783302621.51,1.511486374749279,tumor5,linreg,string,max
280,11732.0,11732.0,11732.0,11732.0,11732.0,11732.0,11732.0,11732.0,tumor5,linreg,stringhi,count
281,0.5193128411296349,0.3940317784125175,-1.7315531958529628e+22,-3.775779268150797e+24,398.085663143539,40.37163314012956,34777888606.595795,0.38994655329998246,tumor5,linreg,stringhi,mean
282,0.22206571533317537,0.2182897952495511,1.875520715610599e+24,1.6312656364172964e+26,166.32744491956328,64.01452029222656,782208383596.865,0.12545737057573592,tumor5,linreg,stringhi,std
283,-1.4257092317760058e-16,-0.7777253004116935,-2.031458209374696e+26,-1.2573757144153057e+28,40.0,1.0,0.005886130766721166,0.16834851182769692,tumor5,linreg,stringhi,min
284,0.35982883730133625,0.26381215557622817,0.1294767943278656,-0.010291187097213161,277.0,2.0,0.28007027587583666,0.3056669365029578,tumor5,linreg,stringhi,25%
285,0.5343892246576613,0.42383877059313835,0.2855326415195773,0.11231639436425672,457.0,11.0,0.3348687983187155,0.36206619655400785,tumor5,linreg,stringhi,50%
286,0.6842619792723715,0.556044404157699,0.4682144563229348,0.260169194978504,550.0,51.0,0.4201790449297799,0.4434780197694634,tumor5,linreg,stringhi,75%
287,1.0,0.9999544098901497,1.0,0.9999000888018827,550.0,858.0,52330904002889.14,1.511486374749279,tumor5,linreg,stringhi,max
288,13595.0,13595.0,13595.0,13595.0,13595.0,13595.0,13595.0,13595.0,tumor8,forest,single,count
289,0.6195822006877505,0.42210573398118867,0.3799443083003151,0.17330084856405345,636.9742552408974,1.0,0.34182855621826747,0.38948940524452796,tumor8,forest,single,mean
290,0.14119578625343898,0.2123644669163216,0.176755266698815,0.27637370553464524,328.8427731327183,0.0,0.12147269060723544,0.13850610462455326,tumor8,forest,single,std
291,-1.080457531582353e-16,-0.7139324192014416,-0.00015947953722128538,-15.732958842964077,40.0,1.0,0.14429740801689592,0.16386855701024544,tumor8,forest,single,min
292,0.5264308789141596,0.28355955269857613,0.24717387408362512,0.05372075100575985,312.0,1.0,0.2607929813246912,0.29328393826876986,tumor8,forest,single,25%
293,0.6166103778233268,0.43644858124286146,0.3556901142926927,0.16767700144499287,768.0,1.0,0.3112399001482962,0.35486996535285265,tumor8,forest,single,50%
294,0.7111101222316301,0.5793599032990655,0.48680108070531036,0.31385364823586115,951.0,1.0,0.38827557467433704,0.4497416773919869,tumor8,forest,single,75%
295,0.9796659792312407,0.960883020173961,0.9595872389528245,0.9204551889697218,958.0,1.0,1.6100810807447534,1.399342158360009,tumor8,forest,single,max
296,13599.0,13599.0,13599.0,13599.0,13599.0,13599.0,13599.0,13599.0,tumor8,forest,corum,count
297,0.654350598706611,0.4539478909476668,0.4182995724213643,0.20136005430669088,636.9538201338333,6.557688065298919,0.3367220382351832,0.38947737822762085,tumor8,forest,corum,mean
298,0.13934250059615516,0.21126044390805973,0.17483640473556328,0.2769225995138756,328.80502251297446,21.775919098280266,0.12314681450098099,0.13848932877621492,tumor8,forest,corum,std
299,-1.3251363608092452e-16,-0.7139324192014417,-0.00015947953722128538,-15.732958842964077,40.0,1.0,0.12680643870549338,0.16386855701024544,tumor8,forest,corum,min
300,0.5682418100483005,0.32337856119956343,0.29114719633473723,0.0775501554304453,312.0,1.0,0.25459476775166934,0.29328393826876986,tumor8,forest,corum,25%
301,0.6600540844647281,0.4784534993813276,0.40331593354084316,0.20511364750687444,768.0,1.0,0.30718654341176715,0.35486996535285265,tumor8,forest,corum,50%
302,0.7473329445684246,0.607848322419257,0.5311108295309301,0.34869151936370235,951.0,1.0,0.3849654355900818,0.44970915093411423,tumor8,forest,corum,75%
303,0.9796659792312405,0.9619741948263514,0.9595872389528245,0.9204551889697218,958.0,274.0,1.3956632190103648,1.399342158360009,tumor8,forest,corum,max
304,13606.0,13606.0,13606.0,13606.0,13606.0,13606.0,13606.0,13606.0,tumor8,forest,string,count
305,0.8431742406410712,0.6113987213827229,0.6489531222328498,0.3620158574185018,636.7121123033955,342.27326179626635,0.29799873346000666,0.3895970803021698,tumor8,forest,string,mean
306,0.07931721987840856,0.19185071823219552,0.14398512189329019,0.23779173206130164,328.90070924408735,293.8342904174247,0.10979347737562106,0.1386035271632021,tumor8,forest,string,std
307,-1.080457531582353e-16,-0.6950701881419783,-0.0001159566524222555,-6.398030451477954,40.0,1.0,0.12250003458320537,0.16386855701024544,tumor8,forest,string,min
308,0.8021412221891533,0.5265602401461034,0.5515743903392942,0.23506869438323041,312.0,149.0,0.22525299380625,0.29334819579154914,tumor8,forest,string,25%
309,0.8452965095352503,0.6500866665853448,0.64925876835332,0.3788914458455179,768.0,266.0,0.2711470958293932,0.3549214538038171,tumor8,forest,string,50%
310,0.8889954172516806,0.7427557109852896,0.7449163283060996,0.5168127822406801,951.0,451.0,0.33826891677975207,0.4498125396152271,tumor8,forest,string,75%
311,0.9911746628452133,0.9818242240591466,0.9800672758854813,0.9391954678272093,958.0,4554.0,1.6556279968754188,1.399342158360009,tumor8,forest,string,max
312,13602.0,13602.0,13602.0,13602.0,13602.0,13602.0,13602.0,13602.0,tumor8,forest,stringhi,count
313,0.7444162407539221,0.5276333936753431,0.5231185675017781,0.2745935648980587,636.8511983531833,39.23680341126305,0.3195291769143093,0.3895163443817021,tumor8,forest,stringhi,mean
314,0.12424111719809068,0.2072412484278122,0.17308606983525537,0.283595727881631,328.8479053364388,64.55782664495406,0.11824725383470494,0.1385341718172973,tumor8,forest,stringhi,std
315,-1.080457531582353e-16,-0.720726500837644,-0.0001159566524222555,-15.73295884296407,40.0,1.0,0.1230842235566805,0.16386855701024544,tumor8,forest,stringhi,min
316,0.6776054275751522,0.41617967279477863,0.4025325553419455,0.14519382894480187,312.0,2.0,0.24058407282128802,0.2933110977035951,tumor8,forest,stringhi,25%
317,0.7615759085797211,0.5611544733545559,0.5234009997834936,0.2876146555346833,768.0,10.0,0.2919751991291742,0.3548848506349433,tumor8,forest,stringhi,50%
318,0.8248259641444569,0.6777283656028723,0.6390433972970758,0.4317837439375932,951.0,48.0,0.3643233356463992,0.44975623994942143,tumor8,forest,stringhi,75%
319,0.9890780292244524,0.984584915347832,0.9759821719032703,0.9207932440987922,958.0,902.0,1.2991646847226566,1.399342158360009,tumor8,forest,stringhi,max
320,13595.0,13595.0,13595.0,13595.0,13595.0,13595.0,13595.0,13595.0,tumor8,elastic,single,count
321,0.38065348711870634,0.37047542246543635,0.15405626239553835,0.11125888851208295,636.9742552408974,1.0,0.3585603721988395,0.38948940524452796,tumor8,elastic,single,mean
322,0.2018618125028863,0.21822185851806952,0.20013440285104006,0.3764424408817698,328.8427731327183,0.0,0.14153490649772202,0.13850610462455326,tumor8,elastic,single,std
323,-0.0989919079345866,-0.8205649655388565,-6.405885546997941,-24.165224613600163,40.0,1.0,0.15304701265438106,0.16386855701024544,tumor8,elastic,single,min
324,0.22889391458781783,0.2192505095192995,0.03156897127878866,0.0057195194905909075,312.0,1.0,0.2687638258656648,0.29328393826876986,tumor8,elastic,single,25%
325,0.3911196633178892,0.38839560176967497,0.1303020906674428,0.10306714479122925,768.0,1.0,0.3214326874312575,0.35486996535285265,tumor8,elastic,single,50%
326,0.5345391855438019,0.5349780448887363,0.2620136356138737,0.23837282849550084,951.0,1.0,0.40538690966240354,0.4497416773919869,tumor8,elastic,single,75%
327,0.9018917701319854,0.9351644073563724,0.8035463356949906,0.8714146615589129,958.0,1.0,2.2753408160558237,1.399342158360009,tumor8,elastic,single,max
328,13599.0,13599.0,13599.0,13599.0,13599.0,13599.0,13599.0,13599.0,tumor8,elastic,corum,count
329,0.4144023681547504,0.3962578212653343,0.17962884929347225,0.13008339908596037,636.9538201338333,6.557688065298919,0.3554424351181727,0.38947737822762085,tumor8,elastic,corum,mean
330,0.20006213177662288,0.2144180489255978,0.2054255581617765,0.3781881012474686,328.80502251297446,21.775919098280266,0.14301381990884882,0.13848932877621492,tumor8,elastic,corum,std
331,-0.0989919079345866,-0.8205649655388565,-6.405885546997941,-24.165224613600163,40.0,1.0,0.13105099422255306,0.16386855701024544,tumor8,elastic,corum,min
332,0.275621514808166,0.25654334369188186,0.051655432655191014,0.018822902104278116,312.0,1.0,0.26478477142357437,0.29328393826876986,tumor8,elastic,corum,25%
333,0.4345926747579968,0.41972934037647575,0.1622789778545487,0.1301832907826982,768.0,1.0,0.3193949555066353,0.35486996535285265,tumor8,elastic,corum,50%
334,0.5650158362806625,0.5574416270872772,0.29606595502502886,0.2647624520353026,951.0,1.0,0.40373453702327605,0.44970915093411423,tumor8,elastic,corum,75%
335,0.9018917701319854,0.9351644073563724,0.8035463356949906,0.8714146615589129,958.0,274.0,2.2753408160558237,1.399342158360009,tumor8,elastic,corum,max
336,13606.0,13606.0,13606.0,13606.0,13606.0,13606.0,13606.0,13606.0,tumor8,elastic,string,count
337,0.7049619937976243,0.5455738016394391,0.48382037174002884,0.28000928961586197,636.7121123033955,325.14625900338086,0.32160677466870946,0.3895970803021698,tumor8,elastic,string,mean
338,0.16649025149836572,0.19833393741185532,0.2144986642123983,0.25254588032069003,328.90070924408735,232.90043976645745,0.13154646275949483,0.1386035271632021,tumor8,elastic,string,std
339,-1.080457531582353e-16,-0.8300252633574188,-1.386957677919236,-5.94312739985606,40.0,1.0,0.006368829486829066,0.16386855701024544,tumor8,elastic,string,min
340,0.6340626400832496,0.44333641051609823,0.3549307827767818,0.14964705547842164,312.0,149.0,0.23481290118792836,0.29334819579154914,tumor8,elastic,string,25%
341,0.7418067780730573,0.5823071615270304,0.5138899728103712,0.303882279828204,768.0,266.0,0.28813830822295117,0.3549214538038171,tumor8,elastic,string,50%
342,0.8158410943396304,0.6866778531101658,0.6370312207724098,0.4407170947233242,951.0,450.0,0.3682530115700672,0.4498125396152271,tumor8,elastic,string,75%
343,0.999995017052768,0.9999682397657705,0.9999805422555659,0.999923995406624,958.0,966.0,2.3900379402866574,1.399342158360009,tumor8,elastic,string,max
344,13602.0,13602.0,13602.0,13602.0,13602.0,13602.0,13602.0,13602.0,tumor8,elastic,stringhi,count
345,0.5072731161958972,0.45086609869290806,0.2647394685708579,0.18312538903876222,636.8511983531833,39.23680341126305,0.3446833257187999,0.3895163443817021,tumor8,elastic,stringhi,mean
346,0.1993838818366467,0.210123021146037,0.20233490007279803,0.23823221250128374,328.8479053364388,64.55782664495406,0.13867933923871786,0.1385341718172973,tumor8,elastic,stringhi,std
347,-0.0989919079345866,-0.823790233299357,-2.242340188620436,-6.980307224904875,40.0,1.0,0.1271510257717931,0.16386855701024544,tumor8,elastic,stringhi,min
348,0.3799129645490863,0.3272204508477673,0.11595243962393975,0.05668845108157841,312.0,2.0,0.25441947004678,0.2933110977035951,tumor8,elastic,stringhi,25%
349,0.5347392973580332,0.4808115834839851,0.25785130154446284,0.18820693651046394,768.0,10.0,0.3097234851947297,0.3548848506349433,tumor8,elastic,stringhi,50%
350,0.6565720218411888,0.6054743571841971,0.40533019605867443,0.3262446928226742,951.0,48.0,0.3934260678308672,0.44975623994942143,tumor8,elastic,stringhi,75%
351,0.960340559392616,0.9476235305763269,0.9118709615255028,0.8962541049645995,958.0,902.0,2.2551370579550825,1.399342158360009,tumor8,elastic,stringhi,max
352,13918.0,13918.0,13918.0,13918.0,13918.0,13918.0,13918.0,13918.0,tumor8,linreg,single,count
353,0.3824270496509418,0.37012681295339017,0.186126948778778,0.08948518510847389,622.7983905733582,1.0,0.35504964608177897,0.39164291638009,tumor8,linreg,single,mean
354,0.19969818672863196,0.22656412738742857,0.15836033468118177,3.2642264538288326,337.768613114318,0.0,0.16941641475305996,0.1398516670572379,tumor8,linreg,single,std
355,-2.1800276962496134e-16,-0.9391158748504633,-2.220446049250313e-16,-328.72855739203186,16.0,1.0,0.06846820473680054,0.16386855701024544,tumor8,linreg,single,min
356,0.22742796527928294,0.22009380681934598,0.051723479429673286,0.02073209712181545,277.0,1.0,0.26695585228856256,0.2941264250693288,tumor8,linreg,single,25%
357,0.38977350921825715,0.38844402185811167,0.15192338848863535,0.12184405002492044,763.0,1.0,0.320519728783036,0.357152802777286,tumor8,linreg,single,50%
358,0.5354354556106162,0.5364021858837886,0.28669112714958267,0.2564243630024924,951.0,1.0,0.4035027096434244,0.4533203798662807,tumor8,linreg,single,75%
359,0.932482672920978,0.9976521714615282,0.8695239352978517,0.9932922232864173,958.0,1.0,10.730065286313275,1.399342158360009,tumor8,linreg,single,max
360,13923.0,13923.0,13923.0,13923.0,13923.0,13923.0,13923.0,13923.0,tumor8,linreg,corum,count
361,0.4179494397229931,0.39421918193794964,0.21436140616598665,0.10203299300099875,622.7401422107305,6.436831142713496,0.3528004565751863,0.39163957013770695,tumor8,linreg,corum,mean
362,0.19920472419817048,0.22323417505727264,0.1657541944121435,3.267324477472638,337.75428669933297,21.53883046296282,0.17130443202533088,0.13983426773703223,tumor8,linreg,corum,std
363,-2.1800276962496134e-16,-0.9391158748504633,-2.220446049250313e-16,-328.72855739203186,16.0,1.0,0.06846820473680054,0.16386855701024544,tumor8,linreg,corum,min
364,0.2742034706826493,0.25539301864770764,0.07518754341615524,0.03335148082780409,277.0,1.0,0.2636572745730617,0.29412665609791266,tumor8,linreg,corum,25%
365,0.4352135130600207,0.418156395640746,0.18941080195004478,0.1456075471109376,763.0,1.0,0.3182001541118023,0.35715321287893576,tumor8,linreg,corum,50%
366,0.5677491022572823,0.5575877677064486,0.32233904350197684,0.2792659530224804,951.0,1.0,0.40259393290272294,0.45330129728285173,tumor8,linreg,corum,75%
367,0.9896096447040597,0.9976521714615282,0.9793272488912954,0.9932922232864173,958.0,274.0,10.730065286313275,1.399342158360009,tumor8,linreg,corum,max
368,13606.0,13606.0,13606.0,13606.0,13606.0,13606.0,13606.0,13606.0,tumor8,linreg,string,count
369,0.8405650312859985,0.3329420624345307,0.7318090708596756,-6.762016562193315e+24,636.7121123033955,325.14625900338086,124768162107.20267,0.3895970803021698,tumor8,linreg,string,mean
370,0.15910531419371016,0.26048027360026615,0.22772768039438546,1.7489400252208278e+26,328.90070924408735,232.90043976645745,1159044606027.1936,0.1386035271632021,tumor8,linreg,string,std
371,-2.1800276962496134e-16,-0.8205649655388577,-2.220446049250313e-16,-1.1383169816827415e+28,40.0,1.0,3.5491562869308504e-15,0.16386855701024544,tumor8,linreg,string,min
372,0.7679521728993594,0.12260554709273724,0.5896553348957747,-9.550645911156986,312.0,149.0,0.3043914683817574,0.29334819579154914,tumor8,linreg,string,25%
373,0.8760951023692024,0.38007762627110087,0.7675426284430844,-0.28933876468235153,768.0,266.0,0.4315844437071804,0.3549214538038171,tumor8,linreg,string,50%
374,0.9683878877770076,0.5375782537515201,0.9376996920601579,0.13944517065340206,951.0,450.0,1.3694034480071866,0.4498125396152271,tumor8,linreg,string,75%
375,1.0,1.0,1.0,1.0,958.0,966.0,50584917265640.78,1.399342158360009,tumor8,linreg,string,max
376,13602.0,13602.0,13602.0,13602.0,13602.0,13602.0,13602.0,13602.0,tumor8,linreg,stringhi,count
377,0.5317768865089441,0.4360642959356085,0.32589687393080485,-2.871520246525213e+23,636.8511983531833,39.23680341126305,7338860743.3496065,0.3895163443817021,tumor8,linreg,stringhi,mean
378,0.20765321353270347,0.20960588681611905,0.21250146274246004,1.4984966593294242e+25,328.8479053364388,64.55782664495406,204279195477.43262,0.1385341718172973,tumor8,linreg,stringhi,std
379,-2.1800276962496134e-16,-0.8298123897447763,-0.08684872040022884,-1.3538543430101235e+27,40.0,1.0,0.12412558492022557,0.16386855701024544,tumor8,linreg,stringhi,min
380,0.394779729008107,0.31125342415148977,0.15585103548335055,0.04423375820837744,312.0,2.0,0.2574865679248697,0.2933110977035951,tumor8,linreg,stringhi,25%
381,0.5553204041752052,0.46563419622802393,0.30838075158652967,0.17714141653026194,768.0,10.0,0.3128765655396938,0.3548848506349433,tumor8,linreg,stringhi,50%
382,0.683047987111728,0.5896329226051698,0.4665545527046323,0.3183521816874009,951.0,48.0,0.40119901265377733,0.44975623994942143,tumor8,linreg,stringhi,75%
383,1.0,0.9907110071709779,1.0,0.9784341301452881,958.0,902.0,15033275631961.326,1.399342158360009,tumor8,linreg,stringhi,max
